{
  "sentence_selection": {
    "precision": 0.31620553359683795,
    "recall": 0.2185792349726776,
    "f1": 0.25848142164781907
  },
  "sentence_label": {
    "precision": 0.25691699604743085,
    "recall": 0.17759562841530055,
    "f1": 0.210016155088853
  },
  "abstract_label_only": {
    "precision": 0.6,
    "recall": 0.24401913875598086,
    "f1": 0.34693877551020413
  },
  "abstract_rationalized": {
    "precision": 0.4823529411764706,
    "recall": 0.19617224880382775,
    "f1": 0.27891156462585037
  }
}