{
  "sentence_selection": {
    "precision": 0.66,
    "recall": 0.45081967213114754,
    "f1": 0.5357142857142857
  },
  "sentence_label": {
    "precision": 0.52,
    "recall": 0.3551912568306011,
    "f1": 0.4220779220779221
  },
  "abstract_label_only": {
    "precision": 0.697986577181208,
    "recall": 0.49760765550239233,
    "f1": 0.5810055865921787
  },
  "abstract_rationalized": {
    "precision": 0.5906040268456376,
    "recall": 0.42105263157894735,
    "f1": 0.49162011173184356
  }
}