{
  "sentence_selection": {
    "precision": 0.4609756097560976,
    "recall": 0.5163934426229508,
    "f1": 0.4871134020618557
  },
  "sentence_label": {
    "precision": 0.2780487804878049,
    "recall": 0.3114754098360656,
    "f1": 0.29381443298969073
  },
  "abstract_label_only": {
    "precision": 0.4375,
    "recall": 0.4019138755980861,
    "f1": 0.41895261845386533
  },
  "abstract_rationalized": {
    "precision": 0.359375,
    "recall": 0.33014354066985646,
    "f1": 0.34413965087281795
  }
}